{"cameraMode":{"drawMode":0,"name":"Shaded","section":"Shading Mode"},"sceneLighting":true,"audioPlay":false,"sceneViewState":{"showFog":true,"showMaterialUpdate":false,"showSkybox":true,"showFlares":true,"showImageEffects":true,"showParticleSystems":true},"in2DMode":false,"pivot":{"x":0.008839249610900879,"y":1.1040998697280884,"z":0.6310877799987793},"rotation":{"x":-0.17093148827552796,"y":-0.14952616393566132,"z":0.026254242286086084,"w":-0.9735178351402283},"size":1.1770435571670533,"orthographic":false}