{"cameraMode":{"drawMode":0,"name":"Shaded","section":"Shading Mode"},"sceneLighting":true,"audioPlay":false,"sceneViewState":{"showFog":true,"showMaterialUpdate":false,"showSkybox":true,"showFlares":true,"showImageEffects":true,"showParticleSystems":true},"in2DMode":false,"pivot":{"x":-5.157161235809326,"y":0.9589366912841797,"z":-14.32165241241455},"rotation":{"x":0.28437700867652895,"y":0.0015241594519466162,"z":-0.0004473085282370448,"w":0.9587149620056152},"size":11.284963607788086,"orthographic":false}